Player,Team,Position,Age,KTC Trade Value,KTC_normalized
Ja'Marr Chase,CIN,WR,24,9997,99
Justin Jefferson,MIN,WR,25,9991,99
CeeDee Lamb,DAL,WR,25,9981,99
Bijan Robinson,ATL,RB,22,9489,94
Amon-Ra St. Brown,DET,WR,24,9475,94
Marvin Harrison Jr.,ARI,WR,21,8940,89
Breece Hall,NYJ,RB,23,8806,88
Jahmyr Gibbs,DET,RB,22,8427,84
Christian McCaffrey,SFO,RB,28,8053,80
Puka Nacua,LAR,WR,23,8005,79
Garrett Wilson,NYJ,WR,24,7864,78
A.J. Brown,PHI,WR,27,7846,78
Josh Allen,BUF,QB,28,7818,78
Sam LaPorta,DET,TE,23,7800,77
Malik Nabers,NYG,WR,20,7676,76
Patrick Mahomes,KCC,QB,28,7668,76
2024 Early 1st,FA,PICK,,7237,72
Chris Olave,NOS,WR,24,7140,71
Jaylen Waddle,MIA,WR,25,7077,70
Tyreek Hill,MIA,WR,30,7061,70
Drake London,ATL,WR,23,7016,70
Jonathan Taylor,IND,RB,25,6960,69
C.J. Stroud,HOU,QB,22,6927,69
Brandon Aiyuk,SFO,WR,26,6783,67
Rome Odunze,CHI,WR,22,6739,67
2025 Early 1st,FA,PICK,,6737,67
Lamar Jackson,BAL,QB,27,6715,66
Nico Collins,HOU,WR,25,6714,66
Jalen Hurts,PHI,QB,25,6713,66
DeVonta Smith,PHI,WR,25,6675,66
De'Von Achane,MIA,RB,22,6581,65
Travis Etienne,JAC,RB,25,6480,64
Anthony Richardson,IND,QB,22,6476,64
Trey McBride,ARI,TE,24,6464,64
Dalton Kincaid,BUF,TE,24,6408,63
DK Metcalf,SEA,WR,26,6270,62
Brock Bowers,LVR,TE,21,6267,62
2024 Mid 1st,FA,PICK,,6251,62
Michael Pittman,IND,WR,26,6229,62
Kyren Williams,LAR,RB,23,6218,61
Tank Dell,HOU,WR,24,6200,61
Saquon Barkley,PHI,RB,27,6185,61
Joe Burrow,CIN,QB,27,6177,61
Zay Flowers,BAL,WR,23,6143,61
Jonathon Brooks,CAR,RB,21,6130,61
D.J. Moore,CHI,WR,27,6118,60
Tee Higgins,CIN,WR,25,6106,60
George Pickens,PIT,WR,23,6058,60
Kyle Pitts,ATL,TE,23,6016,59
Jaxon Smith-Njigba,SEA,WR,22,5999,59
2026 Early 1st,FA,PICK,,5971,59
Caleb Williams,CHI,QB,22,5941,59
Kenneth Walker III,SEA,RB,23,5901,58
Isiah Pacheco,KCC,RB,25,5878,58
Jordan Love,GBP,QB,25,5831,58
2025 Mid 1st,FA,PICK,,5811,57
Mark Andrews,BAL,TE,28,5779,57
Justin Herbert,LAC,QB,26,5773,57
James Cook,BUF,RB,24,5699,56
Brian Thomas Jr.,JAC,WR,21,5665,56
Ladd McConkey,LAC,WR,22,5633,56
Xavier Worthy,KCC,WR,21,5595,55
Kyler Murray,ARI,QB,26,5559,55
Jordan Addison,MIN,WR,22,5506,54
2024 Late 1st,FA,PICK,,5482,54
Deebo Samuel,SFO,WR,28,5472,54
Jayden Daniels,WAS,QB,23,5461,54
T.J. Hockenson,MIN,TE,27,5429,54
Jayden Reed,GBP,WR,24,5354,53
2026 Mid 1st,FA,PICK,,5341,53
Rachaad White,TBB,RB,25,5335,53
2025 Late 1st,FA,PICK,,5298,52
Josh Jacobs,GBP,RB,26,5234,52
Trey Benson,ARI,RB,22,5170,51
Rashee Rice,KCC,WR,24,5165,51
Keon Coleman,BUF,WR,21,5095,50
Mike Evans,TBB,WR,30,5015,49
Davante Adams,LVR,WR,31,4996,49
Travis Kelce,KCC,TE,34,4949,49
Trevor Lawrence,JAC,QB,24,4790,47
Rhamondre Stevenson,NEP,RB,26,4780,47
Christian Kirk,JAC,WR,27,4730,47
2026 Late 1st,FA,PICK,,4717,46
Derrick Henry,BAL,RB,30,4673,46
Ricky Pearsall,SFO,WR,23,4641,46
Cooper Kupp,LAR,WR,31,4640,46
Terry McLaurin,WAS,WR,28,4613,45
Amari Cooper,CLE,WR,30,4588,45
Zamir White,LVR,RB,24,4572,45
D'Andre Swift,CHI,RB,25,4550,45
Christian Watson,GBP,WR,25,4527,44
Brock Purdy,SFO,QB,24,4525,44
Joe Mixon,HOU,RB,28,4443,44
Tyjae Spears,TEN,RB,23,4422,43
Dak Prescott,DAL,QB,30,4392,43
Chris Godwin,TBB,WR,28,4380,43
2024 Early 2nd,FA,PICK,,4369,43
George Kittle,SFO,TE,30,4369,43
Tua Tagovailoa,MIA,QB,26,4291,42
David Montgomery,DET,RB,27,4287,42
Najee Harris,PIT,RB,26,4278,42
Xavier Legette,CAR,WR,23,4268,42
Marquise Brown,KCC,WR,27,4267,42
Evan Engram,JAC,TE,29,4253,42
Adonai Mitchell,IND,WR,21,4249,42
Blake Corum,LAR,RB,23,4233,42
Jake Ferguson,DAL,TE,25,4230,41
Jaylen Warren,PIT,RB,25,4221,41
Diontae Johnson,CAR,WR,28,4198,41
2025 Early 2nd,FA,PICK,,4085,40
Brian Robinson,WAS,RB,25,4050,40
Calvin Ridley,TEN,WR,29,4031,39
David Njoku,CLE,TE,28,4016,39
Jameson Williams,DET,WR,23,3993,39
Zach Charbonnet,SEA,RB,23,3986,39
Alvin Kamara,NOS,RB,29,3984,39
Kendre Miller,NOS,RB,22,3929,38
2024 Mid 2nd,FA,PICK,,3927,38
Ja'Lynn Polk,NEP,WR,22,3925,38
Drake Maye,NEP,QB,21,3891,38
MarShawn Lloyd,GBP,RB,23,3879,38
Josh Downs,IND,WR,22,3829,37
Tony Pollard,TEN,RB,27,3815,37
Jared Goff,DET,QB,29,3803,37
Romeo Doubs,GBP,WR,24,3795,37
Javonte Williams,DEN,RB,24,3776,37
Dontayvion Wicks,GBP,WR,23,3733,36
Jaylen Wright,MIA,RB,21,3713,36
2025 Mid 2nd,FA,PICK,,3649,36
Keenan Allen,CHI,WR,32,3645,36
Zack Moss,CIN,RB,26,3628,35
2024 Late 2nd,FA,PICK,,3598,35
J.J. McCarthy,MIN,QB,21,3581,35
Jahan Dotson,WAS,WR,24,3579,35
Aaron Jones,MIN,RB,29,3578,35
Khalil Shakir,BUF,WR,24,3564,35
Pat Freiermuth,PIT,TE,25,3557,35
Jermaine Burton,CIN,WR,23,3516,34
Roman Wilson,PIT,WR,23,3512,34
Bryce Young,CAR,QB,23,3500,34
Chase Brown,CIN,RB,24,3499,34
Jerome Ford,CLE,RB,24,3491,34
2026 Early 2nd,FA,PICK,,3485,34
Troy Franklin,DEN,WR,21,3484,34
Ben Sinnott,WAS,TE,22,3476,34
Nick Chubb,CLE,RB,28,3398,33
James Conner,ARI,RB,29,3397,33
Luke Musgrave,GBP,TE,23,3354,33
Jerry Jeudy,CLE,WR,25,3339,33
Rashid Shaheed,NOS,WR,25,3328,32
Cole Kmet,CHI,TE,25,3320,32
Devin Singletary,NYG,RB,26,3319,32
Courtland Sutton,DEN,WR,28,3279,32
2025 Late 2nd,FA,PICK,,3268,32
2026 Mid 2nd,FA,PICK,,3244,32
Jakobi Meyers,LVR,WR,27,3237,31
Demario Douglas,NEP,WR,23,3222,31
Dallas Goedert,PHI,TE,29,3205,31
Dalton Schultz,HOU,TE,28,3187,31
Isaiah Likely,BAL,TE,24,3165,31
Josh Palmer,LAC,WR,24,3126,30
Raheem Mostert,MIA,RB,32,3121,30
DeAndre Hopkins,TEN,WR,32,3074,30
Quentin Johnston,LAC,WR,22,3050,30
Will Levis,TEN,QB,25,3044,30
Jaleel McLaughlin,DEN,RB,23,3030,29
Javon Baker,NEP,WR,22,2994,29
Curtis Samuel,BUF,WR,27,2963,29
Marvin Mims,DEN,WR,22,2945,29
Michael Wilson,ARI,WR,24,2919,28
Michael Penix Jr.,ATL,QB,24,2917,28
Malachi Corley,NYJ,WR,22,2910,28
Kirk Cousins,ATL,QB,35,2877,28
Keaton Mitchell,BAL,RB,22,2872,28
2026 Late 2nd,FA,PICK,,2870,28
Kimani Vidal,LAC,RB,22,2862,28
Luke McCaffrey,WAS,WR,23,2826,27
Gus Edwards,LAC,RB,29,2786,27
Jalen McMillan,TBB,WR,22,2785,27
Bo Nix,DEN,QB,24,2776,27
Deshaun Watson,CLE,QB,28,2764,27
Michael Mayer,LVR,TE,23,2756,27
Gabriel Davis,JAC,WR,25,2749,27
Audric Estime,DEN,RB,20,2746,27
Roschon Johnson,CHI,RB,23,2734,26
Matthew Stafford,LAR,QB,36,2707,26
Bucky Irving,TBB,RB,21,2689,26
Baker Mayfield,TBB,QB,29,2688,26
Tyler Lockett,SEA,WR,31,2685,26
Austin Ekeler,WAS,RB,29,2654,26
Braelon Allen,NYJ,RB,20,2637,25
2024 Early 3rd,FA,PICK,,2626,25
Rashod Bateman,BAL,WR,24,2625,25
J.K. Dobbins,LAC,RB,25,2578,25
Wan'Dale Robinson,NYG,WR,23,2570,25
Tucker Kraft,GBP,TE,23,2550,25
Tyler Allgeier,ATL,RB,24,2541,24
Ray Davis,BUF,RB,24,2511,24
Rico Dowdle,DAL,RB,26,2502,24
Justin Fields,PIT,QB,25,2495,24
Ja'Tavion Sanders,CAR,TE,21,2483,24
2024 Mid 3rd,FA,PICK,,2439,23
Jalin Hyatt,NYG,WR,22,2431,23
Tyrone Tracy,NYG,RB,24,2422,23
2025 Early 3rd,FA,PICK,,2421,23
Will Shipley,PHI,RB,21,2380,23
Mike Williams,NYJ,WR,29,2366,23
Ty Chandler,MIN,RB,26,2319,22
Darnell Mooney,ATL,WR,26,2274,22
Antonio Gibson,NEP,RB,26,2272,22
Cade Otton,TBB,TE,25,2253,22
Dameon Pierce,HOU,RB,24,2222,21
Chuba Hubbard,CAR,RB,25,2214,21
Khalil Herbert,CHI,RB,26,2212,21
Ezekiel Elliott,DAL,RB,29,2204,21
Chigoziem Okonkwo,TEN,TE,24,2201,21
2024 Late 3rd,FA,PICK,,2181,21
2025 Mid 3rd,FA,PICK,,2177,21
Tank Bigsby,JAC,RB,22,2177,21
Greg Dulcich,DEN,TE,24,2168,21
Aaron Rodgers,NYJ,QB,40,2141,20
Devontez Walker,BAL,WR,23,2141,20
Rondale Moore,ATL,WR,24,2116,20
Noah Fant,SEA,TE,26,2072,20
Malik Washington,MIA,WR,23,2035,19
2026 Early 3rd,FA,PICK,,2023,19
Brandin Cooks,DAL,WR,30,2015,19
Jonathan Mingo,CAR,WR,23,1986,19
Elijah Mitchell,SFO,RB,26,1981,19
Daniel Jones,NYG,QB,27,1973,19
Isaac Guerendo,SFO,RB,24,1970,19
Brenden Rice,LAC,WR,22,1963,19
Daniel Bellinger,NYG,TE,23,1958,19
Trey Palmer,TBB,WR,23,1935,18
Elijah Moore,CLE,WR,24,1916,18
Theo Johnson,NYG,TE,23,1883,18
2025 Late 3rd,FA,PICK,,1881,18
Geno Smith,SEA,QB,33,1870,18
2026 Mid 3rd,FA,PICK,,1860,18
A.T. Perry,NOS,WR,24,1832,17
Rasheen Ali,BAL,RB,23,1813,17
Jelani Woods,IND,TE,25,1772,17
Dylan Laube,LVR,RB,24,1769,17
Treylon Burks,TEN,WR,24,1728,16
Hunter Henry,NEP,TE,29,1727,16
Tyler Boyd,TEN,WR,29,1722,16
2026 Late 3rd,FA,PICK,,1710,16
Russell Wilson,PIT,QB,35,1704,16
Adam Thielen,CAR,WR,33,1700,16
2024 Early 4th,FA,PICK,,1673,16
Xavier Gipson,NYJ,WR,23,1667,16
Dawson Knox,BUF,TE,27,1663,16
Cedric Tillman,CLE,WR,24,1653,16
Greg Dortch,ARI,WR,26,1652,16
Zay Jones,ARI,WR,29,1650,16
Luke Schoonmaker,DAL,TE,25,1590,15
D.J. Chark,LAC,WR,27,1586,15
Evan Hull,IND,RB,23,1585,15
Derek Carr,NOS,QB,33,1579,15
Sam Howell,SEA,QB,23,1576,15
Kendrick Bourne,NEP,WR,28,1573,15
Chris Rodriguez,WAS,RB,23,1558,15
Erick All,CIN,TE,23,1550,15
Parker Washington,JAC,WR,22,1546,14
Jalen Tolbert,DAL,WR,25,1545,14
Tre Tucker,LVR,WR,23,1538,14
Spencer Rattler,NOS,QB,23,1530,14
John Metchie,HOU,WR,24,1530,14
Tutu Atwell,LAR,WR,24,1528,14
Bo Melton,GBP,WR,25,1525,14
Juwan Johnson,NOS,TE,27,1523,14
2024 Mid 4th,FA,PICK,,1513,14
Gardner Minshew,LVR,QB,28,1512,14
Alexander Mattison,LVR,RB,26,1510,14
AJ Dillon,GBP,RB,26,1507,14
Alec Pierce,IND,WR,24,1502,14
Cade Stover,HOU,TE,24,1501,14
2025 Early 4th,FA,PICK,,1492,14
Calvin Austin III,PIT,WR,25,1487,14
Jacob Cowing,SFO,WR,23,1463,14
Frank Gore Jr.,BUF,RB,22,1461,14
Tyler Conklin,NYJ,TE,28,1460,14
Jared Wiley,KCC,TE,23,1457,14
D'Onta Foreman,CLE,RB,28,1455,14
K.J. Osborn,NEP,WR,27,1452,14
Deuce Vaughn,DAL,RB,22,1441,13
2024 Late 4th,FA,PICK,,1436,13
Mike Gesicki,CIN,TE,28,1434,13
Jonnu Smith,MIA,TE,28,1434,13
Clyde Edwards-Helaire,KCC,RB,25,1433,13
Darius Slayton,NYG,WR,27,1431,13
Jauan Jennings,SFO,WR,27,1412,13
2025 Mid 4th,FA,PICK,,1411,13
Trey Sermon,IND,RB,25,1408,13
Colby Parkinson,LAR,TE,25,1404,13
Eric Gray,NYG,RB,24,1400,13
Andrei Iosivas,CIN,WR,24,1393,13
Kenneth Gainwell,PHI,RB,25,1375,13
Aidan O'Connell,LVR,QB,25,1350,13
2026 Early 4th,FA,PICK,,1337,12
Johnny Wilson,PHI,WR,23,1328,12
Josh Reynolds,DEN,WR,29,1310,12
Ainias Smith,PHI,WR,23,1302,12
Dillon Johnson,TEN,RB,23,1299,12
2025 Late 4th,FA,PICK,,1293,12
Noah Gray,KCC,TE,25,1293,12
Demarcus Robinson,LAR,WR,29,1292,12
Darnell Washington,PIT,TE,22,1288,12
Sam Darnold,MIN,QB,27,1283,12
Bub Means,NOS,WR,23,1283,12
Brevin Jordan,HOU,TE,24,1274,12
Justice Hill,BAL,RB,26,1250,12
Miles Sanders,CAR,RB,27,1247,11
Israel Abanikanda,NYJ,RB,21,1244,11
Sean Tucker,TBB,RB,22,1237,11
Skyy Moore,KCC,WR,23,1232,11
Taysom Hill,NOS,QB,33,1215,11
Isaiah Davis,NYJ,RB,22,1209,11
2026 Mid 4th,FA,PICK,,1208,11
Xavier Hutchinson,HOU,WR,24,1185,11
Tyler Higbee,LAR,TE,31,1176,11
Noah Brown,HOU,WR,27,1173,11
Jamari Thrash,CLE,WR,23,1130,10
Isaiah Spiller,LAC,RB,22,1129,10
Tyquan Thornton,NEP,WR,23,1124,10
DeWayne McBride,MIN,RB,23,1119,10
Kayshon Boutte,NEP,WR,22,1113,10
Chris Evans,CIN,RB,26,1106,10
Michael Gallup,LVR,WR,28,1102,10
Donovan Peoples-Jones,DET,WR,25,1096,10
Zach Evans,LAR,RB,23,1096,10
Chase Claypool,BUF,WR,26,1068,10
Blake Watson,DEN,RB,24,1059,10
Donald Parham,LAC,TE,26,1050,9
Tahj Washington,MIA,WR,23,1043,9
Sione Vaki,DET,RB,22,1042,9
Mecole Hardman,KCC,WR,26,1040,9
Van Jefferson,PIT,WR,27,999,9
2026 Late 4th,FA,PICK,,995,9
Davis Allen,LAR,TE,23,985,9
Tyler Scott,CHI,WR,22,982,9
Louis Rees-Zammit,KCC,RB,23,981,9
Odell Beckham,MIA,WR,31,978,9
David Bell,CLE,WR,23,970,9
Keaontay Ingram,KCC,RB,24,959,9
Michael Carter,ARI,RB,25,957,9
Trey Lance,DAL,QB,24,950,8
Isaiah Hodgins,NYG,WR,25,942,8
Malik Davis,DAL,RB,25,930,8
Hayden Hurst,LAC,TE,30,915,8
KJ Hamler,BUF,WR,25,886,8
Dyami Brown,WAS,WR,24,871,8
Irv Smith,KCC,TE,25,869,8
Derius Davis,LAC,WR,23,856,8
JuJu Smith-Schuster,NEP,WR,27,850,7
Terrace Marshall,CAR,WR,24,848,7
Marquez Valdes-Scantling,BUF,WR,29,842,7
Justin Shorter,BUF,WR,24,841,7
Gerald Everett,CHI,TE,30,837,7
Brenton Strange,JAC,TE,23,829,7
Jordan Mason,SFO,RB,25,817,7
Pierre Strong Jr.,CLE,RB,25,808,7
Kadarius Toney,KCC,WR,25,805,7
Emari Demercado,ARI,RB,25,794,7
Ryan Flournoy,DAL,WR,24,779,7
Cole Turner,WAS,TE,24,776,7
Tyrion Davis-Price,PHI,RB,23,775,7
Jacoby Brissett,NEP,QB,31,774,7
Ronnie Bell,SFO,WR,24,772,7
Kyle Philips,TEN,WR,25,750,6
Will Dissly,LAC,TE,28,744,6
Jamaal Williams,NOS,RB,29,744,6
Ty Johnson,BUF,RB,26,734,6
Tommy Tremble,CAR,TE,24,732,6
Samaje Perine,DEN,RB,28,722,6
Jordan Travis,NYJ,QB,24,716,6
Jake Bobo,SEA,WR,25,711,6
Zach Ertz,WAS,TE,33,706,6
Parris Campbell,PHI,WR,27,706,6
Trayveon Williams,CIN,RB,26,698,6
Charlie Jones,CIN,WR,25,697,6
Zonovan Knight,DET,RB,23,697,6
Jeremy Ruckert,NYJ,TE,23,696,6
Denzel Mims,JAC,WR,26,690,6
Devin Duvernay,JAC,WR,26,688,6
Kalif Raymond,DET,WR,29,684,6
Tyler Johnson,LAR,WR,25,682,6
Kenny McIntosh,SEA,RB,24,679,6
Cameron Latu,SFO,TE,24,679,6
Deneric Prince,KCC,RB,24,672,6
Joshua Kelley,LAC,RB,26,669,6
Allen Lazard,NYJ,WR,28,668,6
Laviska Shenault,SEA,WR,25,650,5
Justyn Ross,KCC,WR,24,648,5
Jawhar Jordan,HOU,RB,24,644,5
D'Ernest Johnson,JAC,RB,28,644,5
Adam Trautman,DEN,TE,27,640,5
AJ Barner,SEA,TE,22,640,5
Kenny Pickett,PHI,QB,26,630,5
Rakim Jarrett,TBB,WR,23,629,5
Foster Moreau,NOS,TE,27,620,5
Drew Lock,NYG,QB,27,619,5
Kylen Granson,IND,TE,26,618,5
Hendon Hooker,DET,QB,26,616,5
Kevin Harris,NEP,RB,23,616,5
Quez Watkins,PIT,WR,26,616,5
Jake Browning,CIN,QB,28,610,5
Jalen Guyton,LVR,WR,27,609,5
Elijah Higgins,ARI,TE,23,608,5
Jeffery Wilson,MIA,RB,28,604,5
Tim Patrick,DEN,WR,30,593,5
Cedrick Wilson,NOS,WR,28,591,5
Tip Reiman,ARI,TE,22,590,5
Justin Watson,KCC,WR,29,589,5
Hassan Haskins,TEN,RB,24,583,5
Anthony Schwartz,MIA,WR,23,574,5
Jameis Winston,CLE,QB,30,573,5
Marquez Callaway,PIT,WR,26,560,5
Peyton Hendershot,DAL,TE,25,559,5
Nyheim Hines,CLE,RB,27,556,5
Albert Okwuegbunam,PHI,TE,26,547,4
Emanuel Wilson,GBP,RB,25,537,4
Malik Heath,GBP,WR,24,536,4
Will Mallory,IND,TE,25,516,4
Brandon Powell,MIN,WR,27,516,4
Chase Edmonds,TBB,RB,28,507,4
Chris Brooks,MIA,RB,24,503,4
Jalen Nailor,MIN,WR,25,497,4
Dorian Thompson-Robinson,CLE,QB,24,494,4
Hunter Renfrow,FA,WR,28,483,4
Nick Westbrook-Ikhine,TEN,WR,27,481,4
Ronnie Rivers,LAR,RB,25,469,4
Brock Wright,DET,TE,25,467,4
Jason Brownlee,NYJ,WR,25,466,4
Deonte Harty,BAL,WR,26,460,4
Tyler Badie,DEN,RB,24,460,4
Erik Ezukanma,MIA,WR,24,460,4
Eno Benjamin,NOS,RB,25,451,3
Rashaad Penny,CAR,RB,28,447,3
DeeJay Dallas,ARI,RB,25,444,3
Scotty Miller,PIT,WR,26,442,3
Salvon Ahmed,MIA,RB,25,439,3
Tylan Wallace,BAL,WR,25,435,3
Zach Wilson,DEN,QB,24,431,3
Mac Jones,JAC,QB,25,425,3
Craig Reynolds,DET,RB,28,423,3
Kene Nwangwu,MIN,RB,26,420,3
Mo Alie-Cox,IND,TE,30,418,3
Harrison Bryant,LVR,TE,26,411,3
Hunter Long,LAR,TE,25,408,3
Jaelon Darden,CLE,WR,25,404,3
Julius Chestnut,TEN,RB,23,391,3
KaVontae Turpin,DAL,WR,27,377,3
Jarrett Stidham,DEN,QB,27,370,3
Andrew Ogletree,IND,TE,25,359,3
Olamide Zaccheaus,WAS,WR,27,354,2
Danny Gray,SFO,WR,25,353,2
Royce Freeman,DAL,RB,28,351,2
Josh Oliver,MIN,TE,27,351,2
Desmond Ridder,ARI,QB,24,338,2
Ben Skowronek,HOU,WR,27,335,2
Isaiah McKenzie,NYG,WR,29,332,2
Lil'Jordan Humphrey,DEN,WR,26,326,2
Tyler Huntley,CLE,QB,26,324,2
Trenton Irwin,CIN,WR,28,320,2
Cam Akers,FA,RB,25,306,2
Braxton Berrios,MIA,WR,28,301,2
Josh Whyle,TEN,TE,24,301,2
Drew Sample,CIN,TE,28,298,2
Dalvin Cook,BAL,RB,28,293,2
Tyler Goodson,IND,RB,23,283,2
Michael Thomas,FA,WR,31,257,2
Austin Hooper,NEP,TE,29,229,1
Mack Hollins,BUF,WR,30,226,1
D'Wayne Eskridge,SEA,WR,27,207,1
Malik Willis,TEN,QB,25,201,1
Jimmy Garoppolo,LAR,QB,32,198,1
Malik Cunningham,BAL,QB,25,189,1
Michael Pratt,GBP,QB,22,179,1
Davis Mills,HOU,QB,25,179,1
Mason Rudolph,TEN,QB,29,178,1
Taylor Heinicke,ATL,QB,31,178,1
Bailey Zappe,NEP,QB,25,177,1
Tommy DeVito,NYG,QB,25,177,1
Joshua Dobbs,SFO,QB,29,175,1
Kyle Trask,TBB,QB,26,174,1
Miles Boykin,NYG,WR,27,174,1
Stetson Bennett,LAR,QB,26,173,1
Tyson Bagent,CHI,QB,24,172,1
Richie James,KCC,WR,29,172,1
Tyrod Taylor,NYJ,QB,34,169,1
Joe Flacco,IND,QB,39,166,1
Charlie Kolar,BAL,TE,25,166,1
Mitchell Trubisky,BUF,QB,29,163,1
Tanner Hudson,CIN,TE,29,157,1
Joe Milton,NEP,QB,24,147,0
Lucas Krull,DEN,TE,26,73,0
Jake Haener,NOS,QB,25,56,0
